# VG Wort URL lock - PROVISIONAL. Derived from the built site, not from a
# T.O.M. export: it records where a mark RENDERS, never where it EARNS.
# No registered_url column by design - see ADR-0020. Gate A3 reads this in
# neutrality mode (does a change move a locked URL). Replaced by
# url-lock.csv at programme SS15, after which A3 checks correctness.
url,code,first_seen,content_sha
/anhaenge/bewertungsraster/,1cb4506d9bbc45a8889a4f891fbe07ca,2026-08-21,125edbe9c64e0622
/anhaenge/glossar/,1cc118cdc64845afa8a103500139d8ba,2026-08-21,c3fa4a39171b9c4e
/danksagung/,1ccd3d666b414eebbb8433e030630aee,2026-08-21,616a2703dcc39da4
/formate/,1cfdb0847dea4dc4b8da675a28c273a0,2026-08-21,53ae38caeea1907c
/kurs_a1/units/unit01_begruessung-und-name/,1d1ead6d894843f585706b4bc186f116,2026-08-21,09adc75d8f831503
/kurs_a1/units/unit02_meine-familie/,1d3b5aa3584e441b9393cd8c2b13d7ba,2026-08-21,206002d4a174402e
/kurs_a1/units/unit03_woher-kommst-du/,1d5874765aae412f8b108ddd82fc8d0b,2026-08-21,5eaafa81f6f7c3e2
/kurs_a1/units/unit04_meine-wohnung/,1d83ca5177cd4674a07f3bc337bbe687,2026-08-21,5194971a8d92eee3
/kurs_a1/units/unit05_essen-und-trinken/,1dba9cad3ee842d88c6587900ab5048c,2026-08-21,732c309797567884
/kurs_a1/units/unit06_einkaufen-und-preise/,1de088afd199407d8a92a9fd30f8145f,2026-08-21,ea8607ca9c1f1234
/kurs_a1/units/unit07_uhrzeit-und-wochenplan/,1e05dd05fa38401eb89231c4e8a6483e,2026-08-21,64b262689d32371f
/kurs_a1/units/unit08_wetter-und-jahreszeiten/,1e186de0fcd446079ef76f22784a5225,2026-08-21,18673c9a0fcd2d86
/kurs_a1/units/unit09_koerper-und-gesundheit/,1e25604350d14490ad65fe0bcdfdeb77,2026-08-21,06971a181da2f2e9
/kurs_a1/units/unit10_mein-beruf/,1e3ed59c1fa5436e8fc38297076be664,2026-08-21,ba92ffd9d4e4b32c
/kurs_a1/units/unit11_meine-freizeit/,1e46e4f3619b4190b233ed9031f30924,2026-08-21,18d988cb2c57fd25
/kurs_a1/units/unit12_reisen-und-unterwegs/,1e67049309ac4205983deda08fa54703,2026-08-21,3f1068feb7713350
/kurs_a2/units/unit01_arbeitssuche-und-stellenanzeige/,1e99fb0d867e45099e834ecc58dc95b1,2026-08-21,5f94caf912fb63f5
/kurs_a2/units/unit02_wohnung-mieten/,1eec790184d248ed928c4c0214ebc2f2,2026-08-21,1d610899c7d0a05b
/kurs_a2/units/unit03_beim-arzt/,1eeff766cb804d618fc133ccf89b66f1,2026-08-21,e0cfbfdeeded638a
/kurs_a2/units/unit04_im-amt/,1f74bff769eb48edaac5a2608077b733,2026-08-21,cbabdcc346aff03b
/kurs_a2/units/unit05_reiseplanung/,1f8bd2d1f2fa4acba1254f56f46a3fee,2026-08-21,3e2cd4d3e669864f
/kurs_a2/units/unit06_hobbys-und-vereine/,1fab8702f35f4be38d05fd0dfa0d58b0,2026-08-21,ab90d6937dc52d29
/kurs_a2/units/unit07_feste-und-traditionen/,1fcccbd4d3f949348343c68a55d977b9,2026-08-21,a829fdcf81b5ea38
/kurs_a2/units/unit08_gestern-und-vergangenheit/,1fd7b1a33b4a4daa91109a09f9664894,2026-08-21,5afcbc075c28fa98
/kurs_a2/units/unit09_plaene-und-zukunft/,1ff6dc978d964efd8d6604916254631f,2026-08-21,c13c71550301bd4d
/kurs_a2/units/unit10_medien-im-alltag/,2004cf49b5fa46d685923e9921a7ab85,2026-08-21,75054a03a7aa15c1
/kurs_a2/units/unit11_umwelt-und-alltag/,200e454ea54e469c968a065ecc5d8db2,2026-08-21,b58936eec1a17c77
/kurs_a2/units/unit12_freundschaft-und-familiengeschichte/,20155d3c459f447da01a8dbde7758d27,2026-08-21,7e838a6e115cee8c
/kurs_b1/units/unit01_neuanfang-in-basel/,2040889ae3d94373a19c794a034915f5,2026-08-21,c850d810d2e830a4
/kurs_b1/units/unit02_der-bewerbungsweg/,20685937cdb64fabaec27e776ec69517,2026-08-21,1d2a7882bf333edc
/kurs_b1/units/unit03_weiterbildung-und-studium/,207997e78e654d03a37331fc42f329fe,2026-08-21,38acb748c1f9253c
/kurs_b1/units/unit04_gesundheitssystem-dach/,20a7821b23ef4bc3a295b492aa0bba42,2026-08-21,4a720801edda69c0
/kurs_b1/units/unit05_digitale-kommunikation/,20af803620b54e318828bf08ecd82ecd,2026-08-21,c55850845b07dafd
/kurs_b1/units/unit06_umwelt-und-mobilitaet/,20f9b372eb91445ea7d64382a3024423,2026-08-21,0ccbd9e7d326e1ef
/kurs_b1/units/unit07_interkulturelle-begegnung/,2102ac188167493cb00ea8d370cffafd,2026-08-21,2e0029140c6abd0c
/kurs_b1/units/unit08_stadt-und-land/,21457d3f683e41148a9febf44279bb56,2026-08-21,4a857586b47fb7c8
/kurs_b1/units/unit09_konsum-und-verbraucherschutz/,21ba496458f743c0aee8f4624d0d4058,2026-08-21,d9d1d119a98fb071
/kurs_b1/units/unit10_politik-und-teilhabe/,21ddcd87f5e64c5abc181ae66a0b7ca5,2026-08-21,3640fd3b2fddbafa
/kurs_b1/units/unit11_persoenliche-beziehungen/,21ef7eedf006456ebd12e84948076c3b,2026-08-21,0a6d9c1dc404a202
/kurs_b1/units/unit12_zukunftsvisionen/,2213da75f58c4586b2aee16c99b9cf09,2026-08-21,07df00a2b07820d3
/kurs_b2/units/unit01_medienlandschaft-heute/,2246fd545eb8435685f0499fb5af40fc,2026-08-21,5ee08f3a0d12eccc
/kurs_b2/units/unit02_wissenschaft-kommunizieren/,225729bca1c64b31912958558d93e1d8,2026-08-21,afb417953965e9ad
/kurs_b2/units/unit03_gesellschaftliche-debatten/,2268eff3808840d1b3fe2cd9426a4558,2026-08-21,b34b45ce1b8b5525
/kurs_b2/units/unit04_arbeitswelt-im-wandel/,2298d2f5edcd46038dfcc873ffe406b9,2026-08-21,c3c7b9cc528596f9
/kurs_b2/units/unit05_kunst-und-kultur/,22ad37f7774a40408132361c82af77a1,2026-08-21,d089bcb16d66720b
/kurs_b2/units/unit06_migrationsdiskurs/,22b4bdf54a084956962491a1109ad33f,2026-08-21,077a3bee5a410a17
/kurs_b2/units/unit07_gesundheitspolitik/,22dce76b69354c98bc3dbeb0567aec88,2026-08-21,9e8bff3932894a54
/kurs_b2/units/unit08_umweltpolitik/,22eaea54ea0349c0a01b5c64d1d68cc2,2026-08-21,2d330ade435556f1
/kurs_b2/units/unit09_bildungsdebatten/,2316bc373211416385bfb4935e4d3dcd,2026-08-21,8431aced8fcd4f6e
/kurs_b2/units/unit10_ethik-digitaler-technologien/,23388de3dfce4559b4fb96b2107b1675,2026-08-21,c420c3c1cde9b479
/kurs_b2/units/unit11_oekonomie-fuer-laien/,23510dcb2dc7440cb9517b428ecdf576,2026-08-21,e6e6b0ca96aca788
/kurs_b2/units/unit12_literarische-perspektiven/,2353e3811f254fcb96f8dcf3f10e4da8,2026-08-21,3156ebb445144e5e
/kurs_c1/units/unit01_literarisches-argumentieren/,2395ea61453c4d38adc510839bb4e172,2026-08-21,0c582e6cfbbfaf8f
/kurs_c1/units/unit02_politische-diskursanalyse/,23ab9139c9ef48d48d6d1fa7757f69fe,2026-08-21,dc60df306cc7bcf2
/kurs_c1/units/unit03_wissenschaftstheorie/,23adab1dcb5d43509c90a1b1c2d8777a,2026-08-21,9bbe4268c3378504
/kurs_c1/units/unit04_aesthetik-und-urteil/,23bee363cf904a74a19c1ff4b9a6f726,2026-08-21,c53600bb262605b3
/kurs_c1/units/unit05_identitaet-und-sprache/,23e1497a07f140228aba8d7acb87e848,2026-08-21,058117ab11e7da3c
/kurs_c1/units/unit06_postkoloniale-perspektiven/,23fdeea5178b4b92b5cc4367af497355,2026-08-21,6da3e6dafcb4cf8f
/kurs_c1/units/unit07_historiografie/,2439973042114c5db4ace64b8c7295aa,2026-08-21,254d3a98108f79d1
/kurs_c1/units/unit08_philosophie-fuer-informierte-laien/,245ce750c2084bb0aa688b60d97f154f,2026-08-21,1750e246b669e05e
/kurs_c1/units/unit09_fachsprachen-wirtschaft-medizin-recht/,2478220ae6c74565b038bae98b489925,2026-08-21,6608d86edcfbffa2
/kurs_c1/units/unit10_stilistik-und-rhetorik/,249bb9665e8c4139a9a431d9543f48cf,2026-08-21,807ca775390bda01
/kurs_c1/units/unit11_literarische-moderne/,249ffa7b99a7473082db480acfcdc721,2026-08-21,b18eb5fbf9c008bd
/kurs_c1/units/unit12_gegenwartsliteratur/,24c9c4f92ec5422daac1d645a674043f,2026-08-21,f2b2b9df10eff0ff
/literatur/,251b3ec77a794cf794058eb06b0e3c58,2026-08-21,46d509cdf8a99287
/start/,254c47061c6944e18e597a885fac1ce9,2026-08-21,4e4547ef135533ab
/ueber/,257f396599f54a09b54a4446e5992b72,2026-08-21,441bfdef010e4dc9
/uebersicht/,25b56b4eb63040e2acf876aa71cb4a9c,2026-08-21,7de90a2bcca283ad
